Workbook

Sheet 资产清单
A1: 资产ID | B1: 资产名称（中文） | C1: Asset Name | D1: 一级分类 | E1: 二级分类 | F1: 适用系统/场景 | G1: UE5资源路径 | H1: 文件格式 | I1: 来源类型 | J1: 许可证 | K1: 负责人 | L1: 审核人 | M1: 制作状态 | N1: 优先级 | O1: 版本 | P1: 文件大小(MB) | Q1: 三角面数 | R1: 纹理分辨率 | S1: 关键标签 | T1: 用途与设计说明 | U1: 技术备注/风险 | V1: 创建日期 | W1: 最后更新 | X1: 是否核心资产
A2: AST-0001 | B2: 主角近战战士 | C2: Hero_Melee_Warrior | D2: 角色 | E2: 可操控角色 | F2: 战斗系统/第三人称动作 | G2: /Game/Characters/Heroes/CH_Hero_Melee | H2: FBX + uasset | I2: 自研 | J2: 项目内部使用 | K2: 林溪 | L2: 技术美术复核组 | M2: 制作中 | N2: P2 | O2: v2.0 | P2: 136.1 | Q2: 65450 | R2: 4K | S2: 角色,骨骼,蒙皮,战斗 | T2: 主角近战战士用于战斗系统/第三人称动作。该资产需要与UE5战斗框架中的伤害、动画、音频和特效事件保持一致，通过Gameplay Tag区分状态，并在多人联机模式下避免仅在客户端修改权威战斗数据。 | U2: 检查骨骼命名、Retarget Pose与布料碰撞；LOD0面数较高时需提供至少4级LOD。 | V2: 46032 | W2: 46036 | X2: 否
A3: AST-0002 | B3: 重甲守卫 | C3: Heavy_Armored_Guard | D3: 角色 | E3: 普通敌人 | F3: 敌人AI/近战战斗 | G3: /Game/Characters/Enemies/CH_Heavy_Guard | H3: FBX + uasset | I3: 外包定制 | J3: 买断授权 | K3: 赵凯 | L3: 技术美术复核组 | M3: 待采购 | N3: P1 | O3: v3.1 | P3: 151.2 | Q3: 75650 | R3: 4K | S3: 角色,骨骼,蒙皮,战斗 | T3: 重甲守卫用于敌人AI/近战战斗。该资产需要与UE5战斗框架中的伤害、动画、音频和特效事件保持一致，通过Gameplay Tag区分状态，并在多人联机模式下避免仅在客户端修改权威战斗数据。 | U3: 检查骨骼命名、Retarget Pose与布料碰撞；LOD0面数较高时需提供至少4级LOD。 | V3: 46034 | W3: 46039 | X3: 是
A4: AST-0003 | B4: 远程弓箭手 | C4: Ranged_Archer | D4: 角色 | E4: 普通敌人 | F4: 敌人AI/远程战斗 | G4: /Game/Characters/Enemies/CH_Archer | H4: FBX + uasset | I4: 自研 | J4: 项目内部使用 | K4: 周航 | L4: 技术美术复核组 | M4: 已完成 | N4: P0 | O4: v1.2 | P4: 166.3 | Q4: 85850 | R4: 4K | S4: 角色,骨骼,蒙皮,战斗 | T4: 远程弓箭手用于敌人AI/远程战斗。该资产需要与UE5战斗框架中的伤害、动画、音频和特效事件保持一致，通过Gameplay Tag区分状态，并在多人联机模式下避免仅在客户端修改权威战斗数据。 | U4: 检查骨骼命名、Retarget Pose与布料碰撞；LOD0面数较高时需提供至少4级LOD。 | V4: 46036 | W4: 46042 | X4: 是
A5: AST-0004 | B5: 遗迹巨像Boss | C5: Ruins_Colossus_Boss | D5: 角色 | E5: Boss角色 | F5: Boss战/破坏部位 | G5: /Game/Characters/Bosses/CH_Ruins_Colossus | H5: FBX + uasset | I5: 外包定制 | J5: 买断授权 | K5: 陈晨 | L5: 技术美术复核组 | M5: 待评审 | N5: P3 | O5: v2.3 | P5: 181.4 | Q5: 96049 | R5: 4K | S5: 角色,骨骼,蒙皮,战斗 | T5: 遗迹巨像Boss用于Boss战/破坏部位。该资产需要与UE5战斗框架中的伤害、动画、音频和特效事件保持一致，通过Gameplay Tag区分状态，并在多人联机模式下避免仅在客户端修改权威战斗数据。 | U5: 检查骨骼命名、Retarget Pose与布料碰撞；LOD0面数较高时需提供至少4级LOD。 | V5: 46038 | W5: 46045 | X5: 否
A6: AST-0005 | B6: 村庄铁匠NPC | C6: Village_Blacksmith_NPC | D6: 角色 | E6: 剧情NPC | F6: 村庄交互/装备强化 | G6: /Game/Characters/NPC/CH_Blacksmith | H6: FBX + uasset | I6: 商城购买 | J6: 商业许可 | K6: 王琳 | L6: 技术美术复核组 | M6: 已阻塞 | N6: P2 | O6: v3.4 | P6: 196.6 | Q6: 55250 | R6: 4K | S6: 角色,骨骼,蒙皮,战斗 | T6: 村庄铁匠NPC用于村庄交互/装备强化。该资产需要与UE5战斗框架中的伤害、动画、音频和特效事件保持一致，通过Gameplay Tag区分状态，并在多人联机模式下避免仅在客户端修改权威战斗数据。 | U6: 检查骨骼命名、Retarget Pose与布料碰撞；LOD0面数较高时需提供至少4级LOD。 | V6: 46040 | W6: 46048 | X6: 否
A7: AST-0006 | B7: 双手剑基础连招 | C7: Greatsword_Basic_Combo | D7: 动画 | E7: 攻击动画 | F7: 近战连招/蒙太奇 | G7: /Game/Animations/Combat/Greatsword/AM_Combo_Basic | H7: FBX + uasset | I7: 动作捕捉 | J7: 项目内部使用 | K7: 林溪 | L7: 技术美术复核组 | M7: 制作中 | N7: P0 | O7: v1.0 | P7: 28.4 | Q7: 0 | R7: — | S7: 动画蒙太奇,Root Motion,连招,Notify | T7: 双手剑基础连招用于近战连招/蒙太奇。该资产需要与UE5战斗框架中的伤害、动画、音频和特效事件保持一致，通过Gameplay Tag区分状态，并在多人联机模式下避免仅在客户端修改权威战斗数据。 | U7: 必须统一Root Motion策略；攻击判定窗口通过Anim Notify State配置，不允许硬编码帧号。 | V7: 46042 | W7: 46051 | X7: 是
A8: AST-0007 | B8: 完美闪避动作 | C8: Perfect_Dodge | D8: 动画 | E8: 闪避动画 | F8: 闪避无敌帧/慢动作 | G8: /Game/Animations/Combat/Dodge/AM_Perfect_Dodge | H8: FBX + uasset | I8: 自研 | J8: 项目内部使用 | K8: 赵凯 | L8: 技术美术复核组 | M8: 待采购 | N8: P3 | O8: v2.1 | P8: 16.2 | Q8: 0 | R8: — | S8: 动画蒙太奇,Root Motion,连招,Notify | T8: 完美闪避动作用于闪避无敌帧/慢动作。该资产需要与UE5战斗框架中的伤害、动画、音频和特效事件保持一致，通过Gameplay Tag区分状态，并在多人联机模式下避免仅在客户端修改权威战斗数据。 | U8: 必须统一Root Motion策略；攻击判定窗口通过Anim Notify State配置，不允许硬编码帧号。 | V8: 46044 | W8: 46054 | X8: 否
A9: AST-0008 | B9: 盾牌格挡受击 | C9: Shield_Block_Hit | D9: 动画 | E9: 防御动画 | F9: 格挡/削韧反馈 | G9: /Game/Animations/Combat/Shield/AM_Block_Hit | H9: FBX + uasset | I9: 动作捕捉 | J9: 项目内部使用 | K9: 周航 | L9: 技术美术复核组 | M9: 已完成 | N9: P2 | O9: v3.2 | P9: 18.2 | Q9: 0 | R9: — | S9: 动画蒙太奇,Root Motion,连招,Notify | T9: 盾牌格挡受击用于格挡/削韧反馈。该资产需要与UE5战斗框架中的伤害、动画、音频和特效事件保持一致，通过Gameplay Tag区分状态，并在多人联机模式下避免仅在客户端修改权威战斗数据。 | U9: 必须统一Root Motion策略；攻击判定窗口通过Anim Notify State配置，不允许硬编码帧号。 | V9: 46046 | W9: 46057 | X9: 否
A10: AST-0009 | B10: Boss阶段转换 | C10: Boss_Phase_Transition | D10: 动画 | E10: 演出动画 | F10: Boss二阶段转换 | G10: /Game/Animations/Boss/Colossus/AM_Phase_Transition | H10: FBX + uasset | I10: 外包定制 | J10: 买断授权 | K10: 陈晨 | L10: 技术美术复核组 | M10: 待评审 | N10: P1 | O10: v1.3 | P10: 20.2 | Q10: 0 | R10: — | S10: 动画蒙太奇,Root Motion,连招,Notify | T10: Boss阶段转换用于Boss二阶段转换。该资产需要与UE5战斗框架中的伤害、动画、音频和特效事件保持一致，通过Gameplay Tag区分状态，并在多人联机模式下避免仅在客户端修改权威战斗数据。 | U10: 必须统一Root Motion策略；攻击判定窗口通过Anim Notify State配置，不允许硬编码帧号。 | V10: 46048 | W10: 46051 | X10: 是
A11: AST-0010 | B11: 处决终结技 | C11: Execution_Finisher | D11: 动画 | E11: 处决动画 | F11: 低生命敌人处决 | G11: /Game/Animations/Combat/Execution/AM_Finisher_A | H11: FBX + uasset | I11: 动作捕捉 | J11: 项目内部使用 | K11: 王琳 | L11: 技术美术复核组 | M11: 已阻塞 | N11: P0 | O11: v2.4 | P11: 22.3 | Q11: 0 | R11: — | S11: 动画蒙太奇,Root Motion,连招,Notify | T11: 处决终结技用于低生命敌人处决。该资产需要与UE5战斗框架中的伤害、动画、音频和特效事件保持一致，通过Gameplay Tag区分状态，并在多人联机模式下避免仅在客户端修改权威战斗数据。 | U11: 必须统一Root Motion策略；攻击判定窗口通过Anim Notify State配置，不允许硬编码帧号。 | V11: 46050 | W11: 46054 | X11: 是
A12: AST-0011 | B12: 遗迹大剑 | C12: Ruins_Greatsword | D12: 武器与装备 | E12: 近战武器 | F12: 重武器/蓄力攻击 | G12: /Game/Items/Weapons/Greatsword/SM_Ruins_Greatsword | H12: FBX + uasset | I12: 自研 | J12: 项目内部使用 | K12: 林溪 | L12: 技术美术复核组 | M12: 制作中 | N12: P2 | O12: v3.0 | P12: 51.8 | Q12: 24640 | R12: 2K | S12: 装备,插槽,碰撞,物品系统 | T12: 遗迹大剑用于重武器/蓄力攻击。该资产需要与UE5战斗框架中的伤害、动画、音频和特效事件保持一致，通过Gameplay Tag区分状态，并在多人联机模式下避免仅在客户端修改权威战斗数据。 | U12: 确认武器Socket方向、碰撞通道与物理材质；需验证不同体型角色的穿插。 | V12: 46052 | W12: 46057 | X12: 否
A13: AST-0012 | B13: 猎鹰长弓 | C13: Falcon_Longbow | D13: 武器与装备 | E13: 远程武器 | F13: 蓄力射击/弱点打击 | G13: /Game/Items/Weapons/Bow/SM_Falcon_Longbow | H13: FBX + uasset | I13: 商城购买 | J13: 商业许可 | K13: 赵凯 | L13: 技术美术复核组 | M13: 待采购 | N13: P1 | O13: v1.1 | P13: 56.2 | Q13: 28480 | R13: 2K | S13: 装备,插槽,碰撞,物品系统 | T13: 猎鹰长弓用于蓄力射击/弱点打击。该资产需要与UE5战斗框架中的伤害、动画、音频和特效事件保持一致，通过Gameplay Tag区分状态，并在多人联机模式下避免仅在客户端修改权威战斗数据。 | U13: 确认武器Socket方向、碰撞通道与物理材质；需验证不同体型角色的穿插。 | V13: 46054 | W13: 46060 | X13: 否
... A47: AST-0045 | B47: 技能配置数据资产 | C47: Ability_Config_DataAsset | D47: 蓝图与数据 | E47: 数据资产 | F47: 技能冷却/消耗/蒙太奇 | G47: /Game/Data/Abilities/DA_AbilityConfig | H47: uasset/CSV/JSON | I47: 自研 | J47: 项目内部使用 | K47: 王琳 | L47: 技术美术复核组 | M47: 已阻塞 | N47: P2 | O47: v1.4 | P47: 2.8 | Q47: 0 | R47: — | S47: Blueprint,DataAsset,GameplayTag,配置驱动 | T47: 技能配置数据资产用于技能冷却/消耗/蒙太奇。该资产需要与UE5战斗框架中的伤害、动画、音频和特效事件保持一致，通过Gameplay Tag区分状态，并在多人联机模式下避免仅在客户端修改权威战斗数据。 | U47: 核心逻辑需避免Tick；配置字段应有默认值、范围校验和版本迁移策略。 | V47: 46120 | W47: 46123 | X47: 否

Sheet 分类说明
A1: 游戏资产分类说明与接入规范
A2: 章节 | B2: 目标 | C2: 接入要求 | D2: 典型检索问题
A3: 1. 角色资产 | B3: 用于承载玩家、敌人和NPC的外观、骨骼、碰撞体及物理表现。 | C3: 统一使用项目标准Skeleton；角色根节点朝向X轴正方向；需要提供LOD、Physics Asset和可选布料配置。角色属性和技能配置不得直接硬编码在角色蓝图中。 | D3: 哪些角色资产需要提供LOD？遗迹巨像Boss使用什么资源路径？
A4: 2. 动画资产 | B4: 支持普通攻击、连招、闪避、格挡、受击、处决与Boss阶段演出。 | C4: 攻击事件优先通过Anim Montage和Anim Notify State驱动。Root Motion策略必须在资产说明中明确，连招窗口应通过数据配置。 | D4: 完美闪避动画如何接入？攻击判定窗口应该放在哪里？
A5: 3. 武器与装备 | B5: 为近战、远程、防御和角色成长系统提供可装备内容。 | C5: 武器模型必须提供握持Socket校验；攻击碰撞使用专用Trace Channel；装备数据使用Data Asset或Data Table管理。 | D5: 哪些装备属于高优先级？塔盾需要检查哪些技术问题？
A6: 4. 环境与场景 | B6: 用于构建遗迹、森林、村庄和洞穴等战斗空间。 | C6: 大型静态网格优先评估Nanite；开放区域使用World Partition；需要明确碰撞复杂度、HLOD与光照方案。 | D6: 哪些环境资产需要World Partition？可破坏石柱用于什么场景？
A7: 5. 特效与音频 | B7: 为攻击、命中、状态异常、技能和Boss演出提供即时反馈。 | C7: Niagara效果必须区分质量档位；音频需统一响度并支持空间衰减。战斗事件由Gameplay Cue或统一事件总线触发。 | D7: Boss核心爆炸有哪些性能风险？完美格挡包含哪些反馈资产？
A8: 6. UI与数据资产 | B8: 负责战斗信息呈现、输入提示，以及属性、技能和AI配置。 | C8: UI需要支持本地化、手柄导航和多分辨率；核心数值配置需提供字段校验、默认值和版本迁移。 | D8: 战斗HUD展示哪些信息？技能配置数据资产包含什么内容？
A9: 7. RAG测试建议 | B9: 验证Excel的Record与Section两种Chunk模式是否能够同时工作。 | C9: 资产清单按行生成Chunk，稳定身份使用资产ID；分类说明按章节生成Chunk，章节标题作为稳定Section Key。修改某一行时不应导致其他资产重新Embedding。 | D9: 如何设计Excel稳定行身份？资产清单适合哪种Chunk模式？

Sheet 许可证与供应商
A1: 来源类型 | B1: 示例供应商/团队 | C1: 允许用途 | D1: 禁止事项 | E1: 归档凭证 | F1: 复核周期（月）
A2: 自研 | B2: 内部美术与程序团队 | C2: 项目内使用、修改、发布 | D2: 未经批准对外分发源文件 | E2: Git/LFS提交与任务单 | F2: 12
A3: 外包定制 | B3: 外包角色与动画工作室 | C3: 按合同约定用于本项目 | D3: 跨项目复用、转售 | E3: 合同、验收单、发票 | F3: 6
A4: 商城购买 | B4: Fab Marketplace / 资产商城 | C4: 按商业许可集成到成品 | D4: 直接转售原始资产包 | E4: 订单、许可证快照 | F4: 6
A5: 扫描资产 | B5: 扫描素材供应商 | C5: 用于环境和材质制作 | D5: 超出席位或项目范围使用 | E5: 订阅记录、资产来源URL | F5: 3
A6: 音频素材库 | B6: 商业音效与音乐素材库 | C6: 用于成品游戏及宣传片 | D6: 单独分发音频源文件 | E6: 许可证PDF、下载记录 | F6: 6
A7: 动作捕捉 | B7: 内部动捕棚/动捕服务商 | C7: 清理后用于角色动画 | D7: 未经授权使用演员肖像或原始表演数据 | E7: 演员授权书、交付清单 | F7: 12
A8: 配音录制 | B8: 配音演员与录音棚 | C8: 按角色和语言版本使用 | D8: 超出合同媒介或期限使用 | E8: 授权协议、台词表 | F8: 12

Sheet 资产汇总
A1: 游戏开发资产库概览
A3: 指标 | B3: 数值 | D3: 一级分类 | E3: 资产数量 | F3: 总大小(MB)
A4: 资产总数 | B4: =COUNTA(资产清单!A2:A47) -> 46 | D4: 角色 | E4: =COUNTIF(资产清单!D2:D47,D4) -> 6 | F4: =SUMIF(资产清单!D2:D47,D4,资产清单!P2:P47) -> 844.1
A5: 已完成资产 | B5: =COUNTIF(资产清单!M2:M47,"已完成") -> 10 | D5: 动画 | E5: =COUNTIF(资产清单!D2:D47,D5) -> 5 | F5: =SUMIF(资产清单!D2:D47,D5,资产清单!P2:P47) -> 105.3
A6: 阻塞资产 | B6: =COUNTIF(资产清单!M2:M47,"已阻塞") -> 9 | D6: 武器与装备 | E6: =COUNTIF(资产清单!D2:D47,D6) -> 5 | F6: =SUMIF(资产清单!D2:D47,D6,资产清单!P2:P47) -> 242
A7: 核心资产 | B7: =COUNTIF(资产清单!X2:X47,"是") -> 10 | D7: 环境与场景 | E7: =COUNTIF(资产清单!D2:D47,D7) -> 5 | F7: =SUMIF(资产清单!D2:D47,D7,资产清单!P2:P47) -> 2268
D8: 特效 | E8: =COUNTIF(资产清单!D2:D47,D8) -> 5 | F8: =SUMIF(资产清单!D2:D47,D8,资产清单!P2:P47) -> 162
D9: 音频 | E9: =COUNTIF(资产清单!D2:D47,D9) -> 5 | F9: =SUMIF(资产清单!D2:D47,D9,资产清单!P2:P47) -> 87.6
D10: UI | E10: =COUNTIF(资产清单!D2:D47,D10) -> 5 | F10: =SUMIF(资产清单!D2:D47,D10,资产清单!P2:P47) -> 49.6
D11: 材质与纹理 | E11: =COUNTIF(资产清单!D2:D47,D11) -> 5 | F11: =SUMIF(资产清单!D2:D47,D11,资产清单!P2:P47) -> 420.7
D12: 蓝图与数据 | E12: =COUNTIF(资产清单!D2:D47,D12) -> 5 | F12: =SUMIF(资产清单!D2:D47,D12,资产清单!P2:P47) -> 13.1
D13: 合计 | E13: =SUM(E4:E12) -> 46 | F13: =SUM(F4:F12) -> 4192.4

Sheet RAG测试说明
A1: 测试项 | B1: 建议验证内容 | C1: 预期结果
A2: 基础文本提取 | B2: 检索“完美格挡”“World Partition”“Root Motion”等关键词。 | C2: 能够命中对应资产行或分类章节。
A3: Record模式 | B3: 资产清单每一行作为独立记录，使用资产ID作为稳定行身份。 | C3: 修改AST-0007时，只更新该资产对应Chunk。
A4: Section模式 | B4: 分类说明按照“1.角色资产”等章节标题分块。 | C4: 章节顺序变化时，稳定Section Key仍能保持Chunk身份。
A5: 字段过滤 | B5: 按一级分类、制作状态、优先级、负责人、许可证过滤。 | C5: 结构化metadata可用于检索前过滤。
A6: 中英文混合 | B6: 检索“Greatsword”“Niagara”“战斗HUD”。 | C6: 中英文关键词均能召回相关记录。
A7: 长文本与换行 | B7: 用途说明和技术风险字段包含较长中文文本。 | C7: 长字段不会被截断或与相邻记录错误拼接。
A8: 数字与日期 | B8: 按文件大小、三角面数、创建日期排序或过滤。 | C8: 数字和日期保留正确类型，不应全部转成字符串。
A9: 公式读取 | B9: 读取资产汇总中的COUNTIF、SUMIF结果。 | C9: 系统应明确选择读取公式、计算值或两者同时保留。
A10: 空值与特殊值 | B10: 动画、音频等资产三角面数为0，纹理分辨率可能为“—”。 | C10: 空值、0与占位符不应混淆。
A11: 增量更新 | B11: 复制文件后修改一条资产的状态、描述或版本。 | C11: content_hash变化；无变化行不重新Embedding。
A12: 删除检测 | B12: 删除某一资产行并重新导入。 | C12: 旧Chunk可被识别并从ES/Milvus中删除。
